State,County,City,Street,Zipcode,Property_Type,Status,Price,Year_Built,Beds,Bath,Sqft,Lot Area,HOA Due,School_rating,WalkScore,Bike_Score,Garage_availability,Redfin_estimate
Ca,Sonoma-county,Santa rosa,1830 leafgreen dr,95405,Single family residential,Active,750000.0,1961,3.0,2.0,1425.0,7022.0,0.0,6,58,57.0,Yes,752455.0
Ca,Sonoma-county,Petaluma,214 jacquelyn ln,94952,Single family residential,Active,1425000.0,2010,4.0,2.5,3141.0,7148.0,0.0,8,32,13.0,Yes,1431730.0
Ca,Sonoma-county,Rohnert park,4579 harmony pl,94928,Single family residential,Active,700000.0,1986,3.0,2.0,1470.0,4500.0,0.0,6,30,64.0,Yes,701179.0
Ca,Sonoma-county,Petaluma,1619 northstar dr,94954,Single family residential,Active,700000.0,1986,3.0,2.5,1421.0,4400.0,69.0,7,52,47.0,Yes,700119.0
Ca,Sonoma-county,Santa rosa,336 pythian rd,95409,Single family residential,Active,995000.0,1978,3.0,2.0,2029.0,8281.0,113.0,7,11,33.0,Yes,0.0
Ca,Sonoma-county,Petaluma,433 garfield dr,94954,Single family residential,Active,795000.0,1969,4.0,2.0,1882.0,6242.0,0.0,7,27,52.0,Yes,798524.0
Ca,Sonoma-county,Healdsburg,2707 n fitch mountain rd,95448,Single family residential,Active,1349000.0,1930,3.0,3.0,1753.0,16117.199999999999,0.0,7,6,12.0,Yes,1352552.0
Ca,Sonoma-county,Santa rosa,59 fairlie dr,95403,Single family residential,Active,699000.0,1962,3.0,2.0,1187.0,10890.0,0.0,6,49,59.0,Yes,712922.0
Ca,Sonoma-county,Sebastopol,775 litchfield ave,95472,Single family residential,Active,879000.0,1999,3.0,2.5,1782.0,6098.0,0.0,7,80,50.0,Yes,885772.0
Ca,Sonoma-county,Rohnert park,7625 melody dr,94928,Single family residential,Active,719000.0,1989,3.0,2.5,1895.0,3999.0,0.0,5,64,59.0,Yes,0.0
Ca,Sonoma-county,Petaluma,1724 moclips dr,94954,Single family residential,Active,850000.0,1977,4.0,2.0,1768.0,6800.0,0.0,7,58,79.0,Yes,862004.0
Ca,Sonoma-county,Petaluma,701 regina ct,94954,Single family residential,Active,715000.0,1964,3.0,2.0,1740.0,7425.0,0.0,7,51,74.0,Yes,0.0
Ca,Sonoma-county,Windsor,6133 aaron ct,95492,Single family residential,Active,1299000.0,1989,4.0,2.0,2350.0,10019.0,0.0,6,30,36.0,Yes,1298734.0
Ca,Sonoma-county,Bodega bay,1840 whaleship rd,94923,Single family residential,Active,1499000.0,1970,4.0,2.0,2107.0,6752.0,0.0,3,13,5.0,No,0.0
Ca,Sonoma-county,Rohnert park,5732 davis cir,94928,Single family home,Active,789000.0,1975,3.0,2.5,1871.0,8085.0,0.0,6,20,35.0,Yes,790643.0
Ca,Sonoma-county,Petaluma,1838 ingram way,94954,Single family residential,Active,999999.0,2001,3.0,2.0,1745.0,5079.0,0.0,7,41,67.0,Yes,1002033.0
Ca,Sonoma-county,Santa rosa,2916 joyce st,95405,Single family residential,Active,849000.0,1970,3.0,2.5,1986.0,9592.0,0.0,8,38,47.0,Yes,856805.0
Ca,Sonoma-county,Santa rosa,2005 bristlecone ct,95403,Single family residential,Active,1689000.0,2020,5.0,3.0,3262.0,10812.0,75.0,6,5,7.0,Yes,1691193.0
Ca,Sonoma-county,Santa rosa,2004 blackjack way,95407,Single family residential,Active,874000.0,2022,4.0,2.5,2152.0,6164.0,0.0,3,27,38.0,Yes,874883.0
Ca,Sonoma-county,Santa rosa,1912 lyon ct,95403,Single family residential,Active,1249995.0,2021,4.0,3.0,2655.0,6970.0,75.0,6,6,5.0,Yes,1245539.0
Ca,Sonoma-county,Windsor,1433 birdie dr,95492,Single family residential,Active,899000.0,2000,4.0,2.5,2453.0,5201.0,0.0,6,36,52.0,Yes,904799.0
Ca,Sonoma-county,Santa rosa,2135 linwood ave,95404,Single family residential,Active,840000.0,2007,4.0,3.0,2566.0,3576.0,102.0,3,25,0.0,Yes,0.0
Ca,Sonoma-county,Rohnert park,849 santa dorotea cir,94928,Single family residential,Active,900000.0,1978,4.0,3.0,2438.0,7200.0,0.0,6,19,38.0,Yes,901610.0
Ca,Sonoma-county,Cloverdale,107 primrose ln,95425,Single family residential,Active,699000.0,2003,4.0,2.5,2116.0,6617.0,0.0,4,39,13.0,Yes,701801.0
Ca,Sonoma-county,Santa rosa,2271 melbrook way,95405,Single family residential,Active,699000.0,1976,3.0,2.0,1693.0,9135.0,0.0,3,61,62.0,Yes,703660.0
Ca,Sonoma-county,Healdsburg,556 matheson st,95448,Single family residential,Active,2892000.0,1918,3.0,2.5,2231.0,8899.0,0.0,7,70,65.0,Yes,0.0
Ca,Sonoma-county,Santa rosa,2135 grace dr,95404,Single family residential,Active,1188000.0,1952,3.0,2.0,2120.0,7560.0,0.0,6,65,60.0,Yes,1187754.0
Ca,Sonoma-county,Petaluma,609 prospect st,94952,Single family residential,Active,1325000.0,1961,4.0,2.5,2618.0,8451.0,0.0,7,90,44.0,Yes,1345580.0
Ca,Sonoma-county,Windsor,1024 del roble ln,95492,Single family residential,Active,699950.0,1961,3.0,2.0,1498.0,5044.0,0.0,6,61,52.0,Yes,714085.0
Ca,Sonoma-county,Petaluma,1104 gumwood ln,94954,Single family residential,Active,815000.0,1972,4.0,2.5,1972.0,8207.0,0.0,6,23,51.0,Yes,0.0
Ca,Sonoma-county,Santa rosa,1869 los olivos rd,95404,Single family residential,Active,1349000.0,1975,3.0,2.0,2390.0,14810.400000000001,0.0,7,5,13.0,Yes,1347831.0
Ca,Sonoma-county,Santa rosa,1561 lofty perch pl,95409,Single family residential,Active,999000.0,2001,4.0,2.0,2182.0,14810.400000000001,0.0,9,17,13.0,Yes,1005216.0
Ca,Sonoma-county,Santa rosa,206 arboleda dr,95401,Mobile/manufactured home,Active,450000.0,1972,3.0,2.0,1440.0,4199.0,82.0,5,28,0.0,No,443859.0
Ca,Sonoma-county,Guerneville,17896 santa rosa ave,95446,Single family residential,Active,775000.0,2007,2.0,2.0,1316.0,5201.0,0.0,4,7,4.0,Yes,0.0
Ca,Sonoma-county,Santa rosa,1956 yellow rose ln,95407,Single family residential,Active,669000.0,1999,3.0,2.5,1866.0,5380.0,0.0,3,41,45.0,Yes,671598.0
Ca,Sonoma-county,Rohnert park,2049 kingwood rd,94928,Single family residential,Active,720000.0,2019,3.0,2.5,1978.0,2762.0,86.0,6,16,39.0,Yes,0.0
Ca,Sonoma-county,Santa rosa,51 charro dr,95401,Mobile/manufactured home,Active,399000.0,1965,2.0,2.0,1040.0,4299.0,65.0,5,22,56.0,Yes,389505.0
Ca,Sonoma-county,Windsor,8425 old oak rd,95492,Single family residential,Active,749000.0,2000,3.0,2.5,1966.0,3920.0,0.0,6,45,61.0,Yes,754651.0
Ca,Sonoma-county,Rohnert park,6235 olympic pl,94928,Single family residential,Active,870415.0,2023,4.0,3.0,2080.0,4817.0,98.0,1,2,32.0,Yes,921534.0
Ca,Sonoma-county,Windsor,1012 del roble ln,95492,Single family residential,Active,879950.0,2023,3.0,3.0,2397.0,4944.0,0.0,6,33,45.0,Yes,895792.0
Ca,Sonoma-county,Windsor,712 rosemary clooney ct,95492,Single family residential,Active,628000.0,1996,2.0,2.0,1115.0,3101.0,0.0,6,74,70.0,Yes,0.0
Ca,Sonoma-county,Santa rosa,2111 bedford st,95404,Single family residential,Active,715000.0,1994,3.0,2.5,1652.0,5001.0,0.0,4,60,55.0,Yes,715298.0
Ca,Sonoma-county,Sonoma,540 fano ln,95476,Single family residential,Active,1700000.0,1986,3.0,2.0,1644.0,6974.0,0.0,5,64,72.0,Yes,1675373.0
Ca,Sonoma-county,Sonoma,1130 manor dr,95476,Single family residential,Active,1540000.0,1998,4.0,3.0,2554.0,8712.0,0.0,5,42,67.0,Yes,1555498.0
Ca,Sonoma-county,Santa rosa,1703 vallejo st,95404,Single family residential,Active,749000.0,1959,3.0,1.5,1447.0,9901.0,0.0,3,33,41.0,Yes,746217.0
Ca,Sonoma-county,Santa rosa,781 rockwell pl,95401,Condo,Active,299000.0,1972,2.0,1.5,900.0,1560.0,15.0,4,67,63.0,No,303284.0
Ca,Sonoma-county,Santa rosa,4916 kinsington ct,95405,Single family residential,Active,1050000.0,1971,4.0,2.0,1990.0,8250.0,0.0,6,7,25.0,Yes,1052547.0
Ca,Sonoma-county,Sebastopol,7960 soll ct,95472,Single family residential,Active,949000.0,2001,3.0,2.5,1853.0,3920.0,0.0,7,74,70.0,Yes,954736.0
Ca,Sonoma-county,Cloverdale,481 haehl st,95425,Single family residential,Active,599000.0,1958,3.0,2.0,1424.0,8551.0,0.0,4,53,41.0,No,598504.0
Ca,Sonoma-county,Santa rosa,2729 gallop dr,95407,Single family residential,Active,645000.0,1999,3.0,2.0,1343.0,5942.0,0.0,3,43,47.0,Yes,653643.0
Ca,Sonoma-county,Healdsburg,304 orchard st,95448,Single family residential,Active,749000.0,1977,2.0,2.0,1140.0,3999.0,159.0,7,19,49.0,Yes,0.0
Ca,Sonoma-county,Rohnert park,5305 kirby pl,94928,Single family residential,Active,849000.0,2017,4.0,3.0,2342.0,4992.0,110.0,6,27,47.0,Yes,849476.0
Ca,Sonoma-county,Santa rosa,1525 gloria dr,95407,Single family residential,Active,680000.0,1966,4.0,2.0,2252.0,7601.0,0.0,5,30,43.0,Yes,685162.0
Ca,Sonoma-county,Santa rosa,6716 fairfield dr,95409,Single family residential,Active,799000.0,1970,3.0,2.0,1870.0,6599.0,113.0,9,24,40.0,Yes,0.0
Ca,Sonoma-county,Santa rosa,1260 gordon crk,95401,Single family residential,Active,575000.0,2000,3.0,2.5,1282.0,4469.0,0.0,4,62,69.0,Yes,580037.0
Ca,Sonoma-county,Santa rosa,2296 brompton ave,95403,Single family residential,Active,849000.0,1993,4.0,3.0,2095.0,6138.0,0.0,5,27,38.0,Yes,791087.0
Ca,Sonoma-county,Healdsburg,310 greens dr,95448,Single family residential,Active,1695000.0,1988,3.0,2.0,1923.0,11325.6,0.0,7,62,58.0,Yes,0.0
Ca,Sonoma-county,Santa rosa,2401 citrine way,95404,Single family residential,Active,689000.0,2002,4.0,2.5,1698.0,3886.0,0.0,4,38,51.0,Yes,691553.0
Ca,Sonoma-county,Santa rosa,2200 old ranch pl,95405,Single family residential,Active,1150000.0,1991,4.0,3.0,2621.0,13503.6,0.0,8,25,18.0,Yes,1153262.0
Ca,Sonoma-county,Santa rosa,2564 red willow dr,95403,Single family residential,Active,925000.0,2019,4.0,3.0,2485.0,4840.0,63.0,5,41,42.0,Yes,923238.0
Ca,Sonoma-county,Rohnert park,5732 dexter cir,94928,Single family residential,Active,825000.0,1976,4.0,2.5,2269.0,9675.0,0.0,6,20,36.0,Yes,835998.0
Ca,Sonoma-county,Healdsburg,560 matheson st,95448,Single family residential,Active,1300000.0,1984,3.0,2.5,1866.0,4678.0,0.0,7,70,65.0,Yes,1300386.0
Ca,Sonoma-county,Santa rosa,2005 contra costa ave,95405,Single family residential,Active,735000.0,1974,3.0,2.0,1548.0,8076.0,0.0,8,45,51.0,Yes,744808.0
Ca,Sonoma-county,Sebastopol,7075 fellers ln,95472,Single family residential,Active,1135000.0,1995,4.0,3.0,2635.0,12632.4,0.0,7,76,37.0,Yes,0.0
Ca,Sonoma-county,Rohnert park,5133 kolton pl,94928,Single family residence,Active,769000.0,2019,3.0,2.5,2182.0,3299.0,86.0,6,22,51.0,Yes,770831.0
Ca,Sonoma-county,Santa rosa,3768 saint andrews dr,95403,Single family residential,Active,1830000.0,2020,4.0,3.0,2755.0,10781.0,75.0,5,3,10.0,Yes,1833122.0
Ca,Sonoma-county,Santa rosa,2623 canterbury dr,95405,Single family residential,Active,690000.0,1967,3.0,2.0,1470.0,6033.0,0.0,8,63,48.0,Yes,0.0
Ca,Sonoma-county,Petaluma,1620 andover way,94954,Single family residential,Active,1250000.0,1995,5.0,3.0,3079.0,8631.0,0.0,7,17,43.0,Yes,1257922.0
Ca,Sonoma-county,Windsor,202 pool creek ln,95492,Single family residential,Active,709950.0,2001,3.0,2.0,1498.0,5976.0,0.0,6,43,50.0,Yes,726559.0
Ca,Sonoma-county,Sonoma,853 1st st w,95476,Single family residential,Active,975000.0,1951,2.0,2.0,728.0,3803.0,0.0,5,85,78.0,Yes,976948.0
Ca,Sonoma-county,Sonoma,696 2nd st e,95476,Single family residential,Active,1495000.0,1936,3.0,2.0,1867.0,11325.6,0.0,5,78,66.0,Yes,1509397.0
Ca,Santa-clara-county,Santa clara,2887 kearney ave,95051,Single family home,Active,1100000.0,1958,3.0,1.5,1034.0,5777.0,0.0,8,45,66.0,Yes,1029137.0
Ca,Santa-clara-county,Sunnyvale,843 trenton dr,94087,Single family home,Active,2698000.0,1960,4.0,2.0,1819.0,9523.0,0.0,9,58,88.0,Yes,2701997.0
Ca,Santa-clara-county,Sunnyvale,553 waite ave,94085,Single family home,Active,1372000.0,1949,3.0,2.0,1393.0,6425.0,0.0,6,83,80.0,Yes,1375050.0
Ca,Santa-clara-county,San jose,4225 ross ave,95124,Single family home,Active,1798888.0,1963,5.0,3.0,1877.0,6109.0,0.0,8,74,53.0,Yes,1812749.0
Ca,Santa-clara-county,San jose,1641 hyacinth ln,95124,Single family home,Active,2198000.0,2021,4.0,3.0,1719.0,5969.0,0.0,8,45,43.0,Yes,2200590.0
Ca,Santa-clara-county,San jose,1458 lucena ct,95132,Single family home,Active,1368888.0,1966,4.0,2.0,1478.0,6912.0,0.0,8,35,53.0,Yes,1398986.0
Ca,Santa-clara-county,San jose,10940 prieta ct,95127,Single family home,Active,1399999.0,1978,3.0,2.5,2020.0,13503.6,0.0,5,10,4.0,Yes,1405608.0
Ca,Santa-clara-county,Palo alto,3722 carlson cir,94306,Single family home,Active,3288000.0,1952,4.0,3.0,2254.0,6280.0,0.0,9,54,95.0,Yes,0.0
Ca,Santa-clara-county,Cupertino,22079 san fernando ct,95014,Single family home,Active,2490000.0,1953,4.0,2.0,2054.0,12632.4,0.0,9,38,52.0,Yes,0.0
Ca,Santa-clara-county,Campbell,2210 central park dr,95008,Single family home,Active,2099950.0,1965,4.0,2.5,2400.0,9240.0,0.0,8,76,78.0,Yes,2126755.0
Ca,Santa-clara-county,Sunnyvale,675 manzanita ave,94085,Single family home,Active,1400000.0,1953,3.0,1.5,1092.0,5043.0,0.0,6,73,81.0,Yes,0.0
Ca,Santa-clara-county,San jose,4177 barrymore dr,95117,Single family home,Active,1400000.0,1954,4.0,2.5,2114.0,10244.0,0.0,7,69,75.0,Yes,1414771.0
Ca,Santa-clara-county,Santa clara,588 saratoga ave,95050,Single family home,Active,1499000.0,1947,3.0,2.0,1694.0,7200.0,0.0,7,63,82.0,No,1497500.0
Ca,Santa-clara-county,San jose,5802 cohasset way,95123,Single family home,Active,1585000.0,1966,5.0,2.5,2487.0,5138.0,0.0,6,65,60.0,Yes,1596830.0
Ca,Santa-clara-county,San jose,2382 stratford dr,95124,Single family home,Active,1200000.0,1959,4.0,2.0,1552.0,7414.0,0.0,8,65,70.0,Yes,1203370.0
Ca,Santa-clara-county,Palo alto,4212 darlington ct,94306,Single family home,Active,2798000.0,1951,4.0,2.0,1502.0,6052.0,0.0,9,64,95.0,Yes,2803390.0
Ca,Santa-clara-county,San jose,4890 tony ave,95124,Single family home,Active,1688000.0,1956,3.0,2.0,1601.0,6406.0,0.0,9,29,0.0,Yes,1686988.0
Ca,Santa-clara-county,Sunnyvale,544 fort laramie dr,94087,Single family home,Active,2998000.0,1965,5.0,3.0,2561.0,11325.6,0.0,8,48,77.0,Yes,0.0
Ca,Santa-clara-county,San jose,5158 sunny creek dr,95135,Single family home,Active,2088000.0,1985,4.0,3.0,2292.0,7540.0,0.0,9,7,52.0,Yes,2088023.0
Ca,Santa-clara-county,Mountain view,862 tulane ct,94040,Single family home,Active,2690000.0,1952,3.0,2.5,1962.0,5683.0,0.0,9,64,90.0,Yes,2679262.0
Ca,Santa-clara-county,San jose,5486 mary jo ct,95124,Single family home,Active,2485000.0,1959,3.0,2.0,1801.0,10882.0,0.0,9,46,54.0,Yes,2488702.0
Ca,Santa-clara-county,Milpitas,1250 elkwood dr,95035,Single family home,Active,1249999.0,1991,4.0,2.5,1867.0,3221.0,0.0,9,47,61.0,Yes,1252555.0
Ca,Santa-clara-county,San jose,494 nerdy ave,95111,Single family home,Active,925000.0,1958,3.0,2.0,1113.0,5014.0,0.0,3,60,70.0,Yes,960556.0
Ca,Santa-clara-county,Sunnyvale,1160 lily ave,94086,Single family home,Active,1698000.0,1955,3.0,2.0,1148.0,5406.0,0.0,8,50,69.0,No,1707837.0
Ca,Santa-clara-county,San jose,4136 camden ave,95124,Single family home,Active,1349995.0,1957,3.0,2.0,1750.0,7035.0,0.0,8,62,56.0,Yes,0.0
Ca,Santa-clara-county,San jose,2579 flory dr,95121,Single family residential,Active,999000.0,1979,4.0,2.0,1542.0,6508.0,0.0,5,40,46.0,Yes,1007342.0
Ca,Santa-clara-county,Milpitas,1275 edsel dr,95035,Single family home,Active,1098000.0,1966,4.0,2.0,1549.0,6853.0,0.0,8,76,71.0,Yes,1104455.0
Ca,Santa-clara-county,San jose,965 cheswick dr,95121,Single family home,Active,998888.0,1978,4.0,2.0,1594.0,6831.0,0.0,5,26,54.0,Yes,1005407.0
Ca,Santa-clara-county,Morgan hill,16805 san dimas ln,95037,Single family home,Active,1200000.0,2014,3.0,2.5,2187.0,4054.0,128.0,8,49,58.0,Yes,1205335.0
Ca,Santa-clara-county,San jose,1471 luning dr,95118,Single family home,Active,1749000.0,1968,4.0,2.5,1937.0,6255.0,0.0,8,70,60.0,Yes,1755007.0
Ca,Santa-clara-county,San jose,2030 cove ct,95148,Single family home,Active,1299000.0,1975,4.0,2.5,2078.0,6588.0,0.0,4,26,59.0,No,1347720.0
Ca,Santa-clara-county,San jose,2798 sand point ct,95148,Single family home,Active,1100000.0,1970,3.0,2.0,1472.0,6840.0,0.0,7,57,57.0,Yes,1099788.0
Ca,Santa-clara-county,San jose,148 menard dr,95138,Single family home,Active,1399000.0,1992,4.0,2.5,1693.0,4660.0,0.0,8,16,60.0,Yes,1405154.0
Ca,Santa-clara-county,Sunnyvale,536 hawthorn ave,94086,Single family home,Active,1998000.0,1967,3.0,2.0,1360.0,13503.6,0.0,7,68,90.0,No,2019117.0
Ca,Santa-clara-county,San jose,3125 brandywine dr,95121,Single family home,Active,1299999.0,1975,4.0,2.0,1757.0,7238.0,0.0,5,44,55.0,Yes,0.0
Ca,Santa-clara-county,Campbell,1331 el moro dr,95008,Single family home,Active,2545000.0,1955,4.0,3.0,2350.0,9811.0,0.0,8,65,58.0,Yes,2532908.0
Ca,Santa-clara-county,San jose,14297 buckner dr,95127,Single family home,Active,1288800.0,1953,3.0,2.0,1440.0,14810.400000000001,0.0,3,9,49.0,Yes,1300134.0
Ca,Santa-clara-county,San jose,196 s cragmont ave,95127,Single family home,Active,929900.0,1938,3.0,3.0,1143.0,7047.0,0.0,3,22,34.0,No,929240.0
Ca,Santa-clara-county,San jose,4733 jarvis ave,95118,Single family home,Active,1499950.0,1966,4.0,3.0,1949.0,7400.0,0.0,7,68,69.0,Yes,1517316.0
Ca,Santa-clara-county,Sunnyvale,807 cedar ave,94086,Single family home,Active,1395000.0,1944,3.0,1.5,1030.0,4960.0,0.0,7,57,80.0,No,1396200.0
Ca,Santa-clara-county,San jose,2035 veronica pl,95124,Single family home,Active,1875000.0,1959,4.0,3.0,2164.0,9271.0,0.0,9,76,70.0,Yes,1913977.0
Ca,Santa-clara-county,Los gatos,100 maria teresa ct,95032,Single family home,Active,2698000.0,1980,4.0,3.0,2325.0,10168.0,0.0,9,48,53.0,Yes,2696901.0
Ca,Santa-clara-county,San jose,1233 lockhaven way,95129,Single family home,Active,2298000.0,1965,3.0,2.0,1296.0,6125.0,0.0,9,37,57.0,Yes,2351525.0
Ca,Santa-clara-county,San jose,1404 via del los grande,95120,Single family home,Active,1899888.0,1973,4.0,2.0,1800.0,12632.4,0.0,8,16,17.0,Yes,1914311.0
Ca,Santa-clara-county,San jose,1519 amesbury way,95127,Single family home,Active,849950.0,1958,3.0,2.0,1134.0,5153.0,0.0,3,53,51.0,Yes,852318.0
Ca,Santa-clara-county,Cupertino,1624 poppy way,95014,Single family home,Active,2698000.0,1964,4.0,2.5,2169.0,6127.0,0.0,9,69,69.0,Yes,2706351.0
Ca,Santa-clara-county,Los gatos,240 garden hill dr,95032,Single family home,Active,1989000.0,1959,3.0,2.0,1150.0,9537.0,0.0,9,39,74.0,Yes,1985133.0
Ca,Santa-clara-county,San jose,1967 cabana dr,95125,Single family home,Active,2715000.0,1953,3.0,3.0,1985.0,10125.0,0.0,6,37,50.0,Yes,2730499.0
Ca,Santa-clara-county,San jose,971 shadow brook dr,95120,Single family home,Active,2150000.0,1969,4.0,2.5,2240.0,8015.0,58.0,8,50,63.0,Yes,2165646.0
Ca,Santa-clara-county,Milpitas,192 lawton dr,95035,Single family home,Active,1895000.0,1959,6.0,3.0,2484.0,6300.0,0.0,8,70,65.0,Yes,1908293.0
Ca,Santa-clara-county,Sunnyvale,920 chelan dr,94087,Single family home,Active,2488000.0,1955,3.0,2.0,1637.0,7930.0,0.0,9,42,58.0,Yes,2491938.0
Ca,Santa-clara-county,San jose,1693 messina dr,95132,Single family home,Active,1598000.0,1971,4.0,2.0,1383.0,6315.0,0.0,8,26,44.0,Yes,1588425.0
Ca,Santa-clara-county,Santa clara,423 dayton ave,95051,Single family home,Active,1788000.0,1958,3.0,1.5,1025.0,10335.0,0.0,9,56,64.0,Yes,1790353.0
Ca,Santa-clara-county,San jose,2091 flintcrest dr,95148,Single family home,Active,888888.0,1981,4.0,2.5,1774.0,6043.0,0.0,6,17,57.0,Yes,0.0
Ca,Santa-clara-county,Santa clara,2121 main st,95050,Triplex,Active,1228000.0,1962,3.0,2.5,1622.0,7020.0,0.0,7,61,64.0,No,1216884.0
Ca,Santa-clara-county,San jose,1887 bethany ave,95132,Single family home,Active,900000.0,1973,3.0,2.0,1320.0,6780.0,0.0,8,44,47.0,Yes,909383.0
Ca,Santa-clara-county,Los gatos,16140 azalea way,95032,Single family home,Active,2698000.0,1955,3.0,2.0,1697.0,8090.0,0.0,9,61,73.0,Yes,2719995.0
Ca,Santa-clara-county,San jose,852 tamarack ave,95128,Single family home,Active,1299000.0,1950,3.0,2.0,1784.0,6164.0,0.0,6,67,74.0,Yes,1333971.0
Ca,Santa-clara-county,Morgan hill,18310 shadowbrook way,95037,Duplex,Active,1400000.0,1977,4.0,2.5,2176.0,8452.0,0.0,8,24,43.0,Yes,1397546.0
Ca,Santa-clara-county,Palo alto,914 celia dr,94303,Single family home,Active,3298000.0,1954,4.0,2.0,2053.0,6291.0,0.0,9,52,92.0,No,0.0
Ca,Santa-clara-county,Sunnyvale,1156 w iowa ave,94086,Single family home,Active,2088000.0,1958,4.0,2.0,1258.0,5700.0,0.0,8,78,82.0,Yes,2097000.0
Ca,Santa-clara-county,Campbell,4016 sadie ct,95008,Single family home,Active,1698000.0,1971,4.0,2.5,2387.0,6953.0,0.0,8,22,49.0,Yes,1739585.0
Ca,Santa-clara-county,San jose,6068 sanford dr,95123,Single family home,Active,1249000.0,1968,4.0,2.0,1791.0,6030.0,0.0,7,48,29.0,Yes,1257368.0
Ca,Santa-clara-county,San jose,1832 wintersong ct,95131,Single family home,Active,1680000.0,1975,5.0,3.0,2533.0,9889.0,0.0,8,57,69.0,Yes,1680781.0
Ca,Santa-clara-county,San jose,783 pescadero dr,95123,Single family home,Active,1100000.0,1964,4.0,2.5,1893.0,6342.0,0.0,7,54,67.0,Yes,1101247.0
Ca,Santa-clara-county,San jose,897 coe ave,95125,Single family home,Active,1499000.0,1929,2.0,2.0,1176.0,4500.0,0.0,6,83,86.0,Yes,1498283.0
Ca,Santa-clara-county,Sunnyvale,702 lakebird dr,94089,Single family home,Active,1378000.0,1957,3.0,2.0,1468.0,5912.0,0.0,6,33,69.0,Yes,1378849.0
Ca,Santa-clara-county,San jose,174 coffeeberry dr,95123,Single family home,Active,1800000.0,1999,4.0,3.0,2470.0,4470.0,0.0,8,67,68.0,Yes,1810955.0
Ca,Santa-clara-county,San jose,20 clareview ave,95127,Single family home,Active,999999.0,1953,3.0,2.0,1315.0,8086.0,0.0,3,17,34.0,No,1066966.0
Ca,Santa-clara-county,San jose,1758 bel air ave,95126,Single family home,Active,1679000.0,1948,3.0,2.0,1792.0,7564.0,0.0,6,65,71.0,Yes,1679150.0
Ca,Santa-clara-county,San jose,1744 silverwood dr,95124,Single family residential,New,1725000.0,1958,3.0,2.5,1700.0,7000.0,0.0,9,66,54.0,Yes,1719337.0
Ca,Santa-clara-county,Palo alto,3171 loma verde pl,94303,Triplex,Active,2500000.0,1961,4.0,3.0,2166.0,6613.0,0.0,9,64,97.0,Yes,2499557.0
Ca,Santa-clara-county,San jose,1488 kimberly ct,95118,Single family home,Active,1750000.0,1961,4.0,3.0,1713.0,11325.6,0.0,7,38,56.0,Yes,1776666.0
Ca,Santa-clara-county,San jose,1526 parkmont dr,95131,Single family home,Active,1650000.0,1993,3.0,2.5,1509.0,4016.0,0.0,6,76,62.0,Yes,1711702.0
Ca,Santa-clara-county,Gilroy,370 ronan ave,95020,Single family home,Active,770000.0,1979,3.0,2.0,1269.0,4700.0,0.0,8,48,72.0,Yes,772075.0
Ca,Santa-clara-county,San jose,1561 shaw dr,95118,Single family home,Active,1498888.0,1961,4.0,2.5,1654.0,7004.0,0.0,7,46,53.0,Yes,1513153.0
Ca,Santa-clara-county,San jose,3196 knightswood way,95148,Single family home,Active,1500000.0,1976,4.0,2.5,1931.0,8366.0,0.0,9,30,42.0,Yes,0.0
Ca,Santa-clara-county,Sunnyvale,871 laburnum dr,94086,Single family home,Active,2298000.0,1966,4.0,2.5,2204.0,6400.0,0.0,8,75,84.0,Yes,2364369.0
Ca,Santa-clara-county,San jose,1795 foxworthy ave,95124,Single family home,Active,1795000.0,1956,6.0,2.5,2303.0,10471.0,0.0,9,75,66.0,Yes,1808008.0
Ca,Santa-clara-county,Palo alto,3583 lupine ave,94303,Single family home,Active,2550000.0,1956,3.0,2.0,1412.0,8486.0,0.0,9,48,93.0,Yes,2557558.0
Ca,Santa-clara-county,San jose,1923 willow st,95125,Single family home,Active,1969000.0,1952,4.0,2.5,2009.0,9960.0,0.0,6,55,76.0,Yes,1972204.0
Ca,Santa-clara-county,Campbell,206 sunnyside ave,95008,Single family home,Active,1850000.0,1999,4.0,2.5,1864.0,4510.0,0.0,7,84,78.0,Yes,1850530.0
Ca,Santa-clara-county,San jose,401 ann darling dr,95133,Single family home,Active,999000.0,1957,3.0,2.0,1081.0,6619.0,0.0,3,71,54.0,Yes,1004467.0
Ca,Santa-clara-county,Campbell,2482 twyla ct,95008,Single family home,Active,1550000.0,1971,3.0,2.0,1538.0,6088.0,0.0,8,17,47.0,Yes,1555115.0
Ca,Santa-clara-county,San jose,1476 portobelo dr,95118,Single family home,Active,1399999.0,1968,4.0,2.0,1937.0,6191.0,0.0,8,70,60.0,Yes,1417005.0
Ca,San-mateo-county,San mateo,706 folkstone ave,94402,Single family home,Active,1680000.0,1948,3.0,2.5,1760.0,4500.0,0.0,9,77,84.0,Yes,1713476.0
Ca,San-mateo-county,Pacifica,539 monterey,94044,Single family residential,New,1097000.0,1997,3.0,2.0,1590.0,3010.0,82.0,7,47,9.0,Yes,1115796.0
Ca,San-mateo-county,Menlo park,2043 santa cruz ave,94025,Single family home,Active,2690000.0,1962,4.0,2.0,1606.0,6780.0,0.0,8,49,81.0,Yes,2700180.0
Ca,San-mateo-county,Foster city,970 gull ave,94404,Single family home,Active,2800000.0,1966,4.0,3.0,2450.0,6324.0,0.0,8,44,64.0,Yes,2785385.0
Ca,San-mateo-county,Foster city,1123 farragut blvd,94404,Single family home,Active,2988800.0,1979,4.0,3.0,2790.0,5280.0,0.0,8,57,56.0,Yes,0.0
Ca,San-mateo-county,San mateo,3915 colegrove st,94403,Duplex,Active,2195000.0,1942,3.0,3.0,2360.0,5346.0,0.0,7,86,46.0,Yes,2178793.0
Ca,San-mateo-county,Foster city,248 puffin ct,94404,Single family home,Active,2599000.0,1965,4.0,2.5,2300.0,6175.0,0.0,8,32,64.0,Yes,2592918.0
Ca,San-mateo-county,Half moon bay,8 fairway pl,94019,Single family home,Active,2570000.0,1989,3.0,2.5,3070.0,10001.0,150.0,5,23,63.0,Yes,2581074.0
Ca,San-mateo-county,San mateo,3110 edison st,94403,Single family home,Active,1998000.0,1941,3.0,2.0,1613.0,9700.0,0.0,7,90,69.0,Yes,2029875.0
Ca,San-mateo-county,San bruno,3191 fasman dr,94066,Single family home,Active,1799000.0,1960,4.0,2.5,1980.0,6550.0,0.0,8,18,17.0,Yes,0.0
Ca,San-mateo-county,Daly city,1088 skyline dr,94015,Single family home,Active,1101088.0,1961,3.0,2.0,1230.0,3400.0,0.0,6,36,21.0,Yes,1104670.0
Ca,San-mateo-county,Millbrae,600-606 chadbourne ave,94030,Duplex,Active,2248000.0,1949,4.0,2.0,2336.0,4800.0,0.0,9,79,56.0,Yes,2199952.0
Ca,San-mateo-county,Foster city,1829 beach park blvd,94404,Single family home,Active,2398888.0,1965,4.0,2.5,2160.0,5225.0,0.0,8,32,64.0,Yes,2392653.0
Ca,San-mateo-county,Daly city,81 saint michaels ct,94015,Single family residential,Active,1379000.0,1968,4.0,3.0,2500.0,3300.0,0.0,6,49,32.0,Yes,1403709.0
Ca,San-mateo-county,Redwood city,1519 james ave,94062,Single family home,Active,2798000.0,1939,4.0,2.0,2499.0,9850.0,0.0,9,56,45.0,Yes,2894846.0
Ca,San-mateo-county,Daly city,31 wessix ct,94015,Single family residential,Active,1599000.0,1968,4.0,3.0,1980.0,3597.0,0.0,7,46,20.0,Yes,1610425.0
Ca,San-mateo-county,South san francisco,2208 downey ct,94080,Single family home,Active,1248000.0,1973,4.0,2.5,1670.0,2200.0,0.0,8,71,22.0,Yes,1247037.0
Ca,San-mateo-county,Menlo park,302 pope st,94025,Single family home,Active,3295000.0,1910,3.0,2.0,2048.0,8128.0,0.0,8,75,85.0,Yes,0.0
Ca,San-mateo-county,Belmont,1303 north rd,94002,Single family residential,Active,2108000.0,1972,3.0,2.5,2160.0,6200.0,0.0,9,59,33.0,Yes,2112756.0
Ca,San-mateo-county,Atherton,79 parker ave,94027,Single family home,Active,2250000.0,1951,3.0,2.0,1240.0,7800.0,0.0,8,20,45.0,Yes,2257338.0
Ca,San-mateo-county,El granada,607 ferdinand ave,94019,Single family home,Active,1595000.0,1950,4.0,2.5,1999.0,7350.0,0.0,5,58,27.0,Yes,1594745.0
Ca,San-mateo-county,Redwood city,322 santa clara ave,94061,Single family home,Active,2298000.0,1924,3.0,2.0,2060.0,8125.0,0.0,6,58,61.0,Yes,2297132.0
Ca,San-mateo-county,San bruno,1451 crestwood dr,94066,Single family residential,New,1450000.0,1955,3.0,2.0,1110.0,5000.0,0.0,6,29,15.0,Yes,1453723.0
Ca,San-mateo-county,San bruno,2201 charleston ave,94066,Single family home,Active,1318000.0,1956,3.0,2.0,1320.0,7420.0,0.0,8,36,12.0,Yes,1316464.0
Ca,San-mateo-county,Millbrae,1320 millbrae ave,94030,Single family home,Active,1680000.0,1961,2.0,2.0,1210.0,12196.800000000001,0.0,9,9,29.0,Yes,1677798.0
Ca,San-mateo-county,Redwood city,618 poplar ave,94061,Single family home,Active,1499000.0,1946,3.0,2.5,1310.0,9125.0,0.0,6,76,71.0,Yes,1503038.0
Ca,San-mateo-county,San carlos,88 fay ave,94070,Single family home,Active,2499000.0,1961,4.0,3.0,3050.0,5668.0,0.0,9,36,15.0,Yes,2496681.0
Ca,San-mateo-county,Half moon bay,359 grove st,94019,Single family home,Active,1299000.0,1959,3.0,2.0,1760.0,5460.0,0.0,5,44,70.0,Yes,1302144.0
Ca,San-mateo-county,San mateo,1010 shoal dr,94404,Single family home,Active,1350000.0,1974,3.0,2.0,1350.0,3180.0,150.0,9,58,73.0,Yes,1468723.0
Ca,San-mateo-county,San carlos,13 maple way,94070,Single family home,Active,1998888.0,1954,3.0,2.0,1900.0,5000.0,0.0,6,25,41.0,Yes,1991894.0
Ca,San-mateo-county,Pacifica,254 el dorado dr,94044,Single family residential,Active,1598000.0,1963,4.0,2.0,2332.0,4000.0,0.0,7,61,36.0,Yes,1603234.0
Ca,San-mateo-county,San carlos,1940 greenwood ave,94070,Single family home,Active,2188000.0,1948,3.0,2.0,1280.0,5520.0,0.0,9,76,66.0,Yes,2188588.0
Ca,San-mateo-county,Woodside,228 glenwood ave,94062,Single family home,Active,2380000.0,1930,3.0,2.5,1410.0,15245.999999999998,0.0,9,12,16.0,Yes,2374237.0
Ca,San-mateo-county,Pacifica,760 arleen way,94044,Single family home,Active,1398000.0,1957,3.0,2.0,1540.0,5000.0,0.0,8,44,20.0,Yes,1408360.0
Ca,San-mateo-county,East palo alto,316 azalia dr,94303,Single family home,Active,995000.0,1951,4.0,2.0,1680.0,5000.0,0.0,6,53,74.0,Yes,979016.0
Ca,San-mateo-county,Millbrae,80 spruce st,94030,Other residential,Active,1088000.0,1948,5.0,3.0,2126.0,3750.0,0.0,9,74,72.0,No,0.0
Ca,San-mateo-county,Belmont,2700 monserat ave,94002,Single family home,Active,2900000.0,1980,3.0,2.0,3250.0,7700.0,0.0,9,21,27.0,Yes,2892843.0
Ca,San-mateo-county,Belmont,2823 alhambra dr,94002,Single family home,Active,2950000.0,1975,4.0,2.5,2747.0,7700.0,0.0,9,7,11.0,Yes,0.0
Ca,San-mateo-county,Pacifica,329 beaumont blvd,94044,Single family home,Active,1688000.0,1984,3.0,2.0,1876.0,7245.0,3.0,7,50,28.0,Yes,1674473.0
Ca,San-mateo-county,South san francisco,121 drake ave,94080,Single family residential,Active,1178888.0,1942,3.0,2.0,1575.0,4000.0,0.0,5,62,40.0,Yes,1177788.0
Ca,San-mateo-county,South san francisco,329 valverde dr,94080,Single family home,Active,1198000.0,1954,3.0,2.0,1790.0,5250.0,0.0,7,19,11.0,Yes,1192851.0
Ca,San-mateo-county,Half moon bay,30 river oaks rd,94019,Single family home,Active,1850000.0,1987,3.0,2.5,2520.0,5831.0,166.0,5,22,65.0,Yes,1885231.0
Ca,San-mateo-county,San mateo,2801 mason ln,94403,Single family home,Active,1800000.0,1956,3.0,2.0,1340.0,6490.0,0.0,7,50,32.0,Yes,1805119.0
Ca,San-mateo-county,San mateo,3271 countryside dr,94403,Single family home,Active,2198000.0,1964,5.0,3.0,2720.0,9400.0,0.0,7,63,31.0,Yes,2201137.0
Ca,San-mateo-county,San mateo,213 arbor ln,94403,Single family home,Active,2098000.0,1940,3.0,2.5,1540.0,5005.0,0.0,7,84,62.0,Yes,2121810.0
Ca,San-mateo-county,El granada,548 palma st,94018,Single family home,Active,1398888.0,1976,3.0,2.5,2160.0,6000.0,0.0,5,67,46.0,Yes,1422244.0
Ca,San-mateo-county,Portola valley,113 tynan way,94028,Single family home,Active,2395000.0,1925,3.0,2.0,1960.0,7800.0,0.0,8,4,10.0,No,2408450.0
Ca,San-mateo-county,San mateo,1426 shoal dr,94404,Single family home,Active,1468000.0,1969,3.0,2.5,2140.0,2730.0,150.0,9,54,75.0,Yes,1471916.0
Ca,San-mateo-county,Half moon bay,632 ruisseau francais ave,94019,Single family home,Active,1650000.0,1973,4.0,3.0,2430.0,7200.0,0.0,5,18,47.0,Yes,1643974.0
Ca,San-mateo-county,Daly city,11 east moltke st,94014,Single family residential,Active,949000.0,1927,2.0,1.5,1350.0,2500.0,0.0,6,92,40.0,Yes,946812.0
Ca,San-mateo-county,Foster city,848 polaris ave,94404,Single family home,Active,2488000.0,1973,5.0,2.5,2680.0,5225.0,0.0,8,65,76.0,Yes,2504047.0
Ca,San-mateo-county,San mateo,3215 llano st,94403,Single family home,Active,1480000.0,1960,3.0,2.0,1340.0,6000.0,0.0,8,56,79.0,Yes,1473271.0
Ca,San-mateo-county,San mateo,1876 randall rd,94402,Single family home,Active,2650000.0,1953,3.0,2.5,1950.0,9000.0,0.0,9,55,21.0,Yes,2648921.0
Ca,San-mateo-county,Burlingame,2853 trousdale dr,94010,Single family home,Active,2680000.0,1962,3.0,2.5,2240.0,10890.0,0.0,9,13,15.0,Yes,0.0
Ca,San-mateo-county,Brisbane,340 kings rd,94005,Single family home,Active,1498888.0,1986,3.0,2.0,1520.0,5801.0,0.0,8,33,20.0,Yes,1513555.0
Ca,San-mateo-county,San carlos,1912 white oak way,94070,Single family home,Active,2520000.0,1938,4.0,3.0,1690.0,5550.0,0.0,9,68,54.0,Yes,2529831.0
Ca,San-mateo-county,San mateo,36 13th ave,94402,Single family home,Active,1348000.0,1920,3.0,1.5,1520.0,6750.0,0.0,9,92,89.0,Yes,1394791.0
Ca,San-mateo-county,Pacifica,363 bancroft way,94044,Single family home,Active,1398000.0,1948,4.0,2.0,2050.0,9200.0,0.0,7,72,28.0,No,1454396.0
Ca,San-mateo-county,Daly city,212 accacia st,94014,Single family residential,Active,898000.0,1941,3.0,2.0,1400.0,2500.0,0.0,7,75,43.0,Yes,968884.0
Ca,San-mateo-county,Daly city,4320 callan blvd,94015,Single family home,Active,1188888.0,1969,4.0,2.0,1557.0,3648.0,0.0,7,64,19.0,Yes,1250213.0
Ca,San-mateo-county,Daly city,451 northaven dr,94015,Single family residential,Active,999990.0,1959,3.0,2.0,1180.0,3400.0,0.0,6,58,27.0,Yes,1005107.0
Ca,San-mateo-county,San mateo,1529 2nd ave,94401,Single family home,Active,1250000.0,1944,3.0,2.0,1190.0,5000.0,0.0,8,78,82.0,Yes,1264444.0
Ca,San-mateo-county,San mateo,708 s idaho st,94402,Duplex,Active,1350000.0,1950,3.0,2.0,1800.0,7700.0,0.0,9,84,84.0,Yes,1348001.0
Ca,San-mateo-county,Belmont,1705 chula vista dr,94002,Single family home,Active,1750000.0,1954,3.0,2.0,1290.0,6600.0,0.0,9,68,32.0,Yes,1747204.0
Ca,San-mateo-county,Half moon bay,241 spruce st,94019,Single family home,Active,1799999.0,1981,4.0,2.5,2626.0,7535.0,0.0,5,51,73.0,Yes,1796342.0
Ca,Napa-county,Calistoga,2422 debbie way,94515,Single family residential,Active,800000.0,1976,4.0,2.0,1440.0,5924.0,0.0,5,25,64.0,Yes,836295.0
Ca,Napa-county,Napa,1629 sycamore st,94559,Single family residential,Active,1100000.0,1940,3.0,1.5,1690.0,5323.0,0.0,4,80,77.0,Yes,1098913.0
Ca,Napa-county,American canyon,161 frontier st,94503,Single family residential,Active,813990.0,1956,5.0,3.0,2311.0,3469.0,140.0,6,22,27.0,Yes,808308.0
Ca,Napa-county,Napa,65 wine press way,94558,Single family residential,Active,1499000.0,2023,3.0,2.5,2010.0,8305.0,0.0,6,38,46.0,Yes,1448498.0
Ca,Napa-county,Napa,204 blue cove ct,94558,Single family residential,Active,499000.0,2001,3.0,2.0,1213.0,9357.0,0.0,8,0,1.0,Yes,497183.0
Ca,Napa-county,St. helena,1549 riesling way,94574,Single family residential,Active,2295000.0,1978,3.0,2.5,2411.0,9749.0,0.0,7,6,28.0,Yes,2293644.0
Ca,Napa-county,St. helena,1344 magnolia ave,94574,Single family residential,Active,1349000.0,2013,3.0,3.0,2082.0,6347.0,75.0,7,39,58.0,Yes,1363271.0
Ca,Napa-county,Vallejo,312 catalina way,94589,Single family residential,Active,585000.0,1984,4.0,3.0,1530.0,6970.0,0.0,7,22,31.0,Yes,585096.0
Ca,Napa-county,Napa,1420 d st,94559,Single family residential,Active,1300000.0,1939,2.0,2.0,1437.0,7261.0,0.0,4,84,86.0,Yes,0.0
Ca,Napa-county,Napa,36 autumn creek ct,94559,Single family residential,Active,1098000.0,2006,4.0,2.5,2158.0,7087.0,0.0,4,21,15.0,Yes,0.0
Ca,Napa-county,Napa,1647 estee ave,94558,Single family residential,Active,1399000.0,1963,3.0,2.0,1398.0,1.0,0.0,8,19,12.0,Yes,0.0
Ca,Napa-county,Napa,164 mayfield ct,94558,Single family residential,Active,920000.0,1963,4.0,2.5,2005.0,10476.0,0.0,6,19,46.0,Yes,905906.0
Ca,Napa-county,Napa,572 putah creek dr,94558,Single family residential,Active,665000.0,2001,3.0,2.0,2200.0,10418.0,0.0,7,0,0.0,Yes,0.0
Ca,Napa-county,Napa,2283 1st st,94559,Single family residential,Active,933000.0,1936,3.0,2.5,2203.0,6059.0,0.0,4,75,75.0,Yes,931336.0
Ca,Napa-county,Calistoga,1050 bale ln,94515,Single family residential,Active,1995000.0,1987,3.0,2.0,1786.0,1.0,0.0,5,5,31.0,Yes,1986308.0
Ca,Napa-county,St. helena,216 knoll pl,94574,Single family residential,Active,2075000.0,1987,4.0,2.5,2369.0,16552.8,147.0,7,6,25.0,Yes,2073828.0
Ca,Napa-county,Napa,558 coffield ave,94558,Single family residential,Active,1099000.0,2007,4.0,2.5,2190.0,7100.0,153.0,4,60,74.0,Yes,1095372.0
Ca,Napa-county,Napa,2170 patton ave,94559,Single family residential,Active,799000.0,1950,4.0,2.0,2217.0,8481.0,0.0,4,26,53.0,Yes,799466.0
Ca,Napa-county,St. helena,650 sunnyside rd,94574,Single family residential,Active,1395000.0,2023,2.0,2.0,1350.0,9191.0,0.0,7,15,13.0,Yes,1389444.0
Ca,Napa-county,American canyon,86 oakstone way,94503,Single family residence,Active,885900.0,2005,4.0,3.0,2829.0,5299.0,0.0,6,31,43.0,Yes,876431.0
Ca,Napa-county,Vallejo,1541 severus dr,94589,Single family residential,Active,549000.0,1979,4.0,2.0,1428.0,5227.0,0.0,5,31,37.0,Yes,550594.0
Ca,Napa-county,Napa,2142 soscol ave,94558,Single family residential,Active,495000.0,1956,3.0,2.0,1006.0,7218.0,0.0,4,80,85.0,Yes,600447.0
Ca,Napa-county,American canyon,127 frontier st,94503,Single family residential,Active,699990.0,1994,3.0,2.5,1701.0,3268.0,140.0,6,22,27.0,Yes,693656.0
Ca,Napa-county,St. helena,1291 sylvaner ave,94574,Single family residential,Active,1650000.0,2002,3.0,2.0,1511.0,8124.0,0.0,7,7,63.0,Yes,1629972.0
Ca,Napa-county,St. helena,1362 stockton st,94574,Single family residential,Active,1895000.0,1912,3.0,2.0,1682.0,6445.0,0.0,7,76,91.0,Yes,1865784.0
Ca,Napa-county,American canyon,143 hearthstone dr,94503,Single family residential,Active,950000.0,2006,6.0,3.0,3164.0,5001.0,0.0,6,44,47.0,Yes,945702.0
Ca,Napa-county,Napa,3765 jomar dr,94558,Single family residential,Active,840000.0,1964,3.0,2.0,1438.0,6848.0,0.0,6,38,48.0,Yes,838071.0
Ca,Napa-county,Napa,87 winedale ln,94558,Single family residential,Active,998000.0,1999,3.0,2.0,1916.0,5811.0,0.0,6,30,46.0,Yes,1003499.0
Ca,Napa-county,St. helena,1721 scott st,94574,Single family residential,Active,2750000.0,1927,3.0,3.0,1950.0,9165.0,0.0,7,31,71.0,Yes,0.0
Ca,Napa-county,St. helena,1071 stice ln,94574,Single family residential,Active,1200000.0,1963,3.0,2.0,1562.0,11761.2,0.0,7,34,32.0,Yes,0.0
Ca,Napa-county,Napa,910 cape cod ct,94558,Single family residential,Active,635000.0,1994,3.0,2.5,1944.0,13939.2,0.0,8,0,0.0,Yes,645964.0
Ca,Napa-county,St. helena,1434 sylvaner ave,94574,Single family residential,Active,1999999.0,1978,3.0,2.0,1968.0,12632.4,0.0,7,6,57.0,Yes,1989932.0
Ca,Napa-county,Napa,188 country club ln,94558,Single family residential,Active,614888.0,1967,3.0,2.0,1762.0,10646.0,33.0,8,6,2.0,Yes,613147.0
Ca,Napa-county,Napa,1848 trower ave,94558,Single family residential,Active,849000.0,1964,4.0,2.0,1603.0,5998.0,0.0,5,43,67.0,Yes,848682.0
Ca,Napa-county,Napa,1332 steele canyon rd,94558,Single family residential,Active,650000.0,1989,3.0,2.0,1140.0,14810.400000000001,0.0,8,0,2.0,Yes,648662.0
Ca,Napa-county,American canyon,130 spikerush cir,94503,Single family,Active,859000.0,2004,6.0,3.0,2873.0,9583.0,0.0,7,21,51.0,Yes,862781.0
Ca,Napa-county,American canyon,3 toscana dr,94503,Single family residential,Active,775000.0,2005,4.0,2.5,2498.0,5101.0,0.0,6,55,54.0,Yes,771452.0
Ca,Napa-county,Napa,17 heritage ct,94558,Single family residential,Active,1795000.0,1999,4.0,3.0,3220.0,9705.0,0.0,6,24,53.0,Yes,0.0
Ca,Napa-county,Calistoga,2115 oat hill ct,94515,Single family residential,Active,975000.0,1994,3.0,2.5,1664.0,5715.0,0.0,5,17,39.0,Yes,976618.0
Ca,Napa-county,Napa,2500 rollingwood dr,94558,Single family residential,Active,1199000.0,1970,3.0,2.0,1933.0,9056.0,0.0,4,39,14.0,Yes,1195942.0
Ca,Napa-county,Napa,1597 paulson way,94558,Single family residential,Active,949000.0,1973,3.0,2.0,1506.0,6142.0,0.0,5,49,69.0,Yes,932745.0
Ca,Napa-county,Napa,546 coffield ave,94558,Single family residential,Active,845000.0,2008,4.0,2.5,2190.0,5998.0,153.0,4,60,74.0,Yes,836424.0
Ca,Napa-county,Napa,171 country club ln,94558,Single family residential,Active,710000.0,1991,3.0,3.0,2542.0,10245.0,33.0,8,6,2.0,Yes,708021.0
Ca,Napa-county,Napa,581 putah creek dr,94558,Single family residential,Active,705000.0,1984,3.0,3.0,1661.0,16552.8,0.0,7,0,0.0,Yes,0.0
Ca,Contra-costa-county,Brentwood,855 windmeadows,94513,Single family residential,New,699950.0,1992,3.0,2.5,1943.0,5532.0,0.0,9,34,68.0,Yes,699754.0
Ca,Contra-costa-county,Lafayette,1004 windsor dr,94549,Single family residential,New,1495000.0,1957,3.0,2.0,1557.0,8100.0,0.0,9,20,42.0,Yes,1507142.0
Ca,Contra-costa-county,San ramon,160 belle meade pl,94583,Single family residential,New,1539000.0,1961,4.0,3.0,2301.0,9000.0,0.0,9,60,75.0,Yes,1575143.0
Ca,Contra-costa-county,Pittsburg,1009 jewett ave,94565-6212,Single family residential,New,749000.0,1971,4.0,2.0,1497.0,8550.0,0.0,4,28,17.0,Yes,746149.0
Ca,Contra-costa-county,Pittsburg,18 ash ct,94565,Single family home,Active,757055.0,2023,4.0,3.0,2231.0,2902.0,168.0,6,4,20.0,Yes,747366.0
Ca,Contra-costa-county,Brentwood,1191 saratoga pl,94513,Single family residential,New,715000.0,2005,3.0,2.0,2145.0,8063.0,40.0,6,53,51.0,Yes,716014.0
Ca,Contra-costa-county,Pittsburg,4125 stephanie way,94565,Single family residential,New,649000.0,1967,5.0,2.0,1895.0,6365.0,0.0,3,47,39.0,Yes,647308.0
Ca,Contra-costa-county,Discovery bay,1757 dolphin pl,94505,Single family residential,New,1099000.0,1985,4.0,2.5,2522.0,7200.0,0.0,8,31,36.0,Yes,1099630.0
Ca,Contra-costa-county,Martinez,778 parkway dr,94553-3471,Single family residential,New,769900.0,1994,3.0,2.5,1639.0,3700.0,50.0,9,32,38.0,Yes,778931.0
Ca,Contra-costa-county,Pittsburg,1858 san andres dr,94565,Single family residential,Active,850000.0,2005,4.0,3.0,2513.0,7457.0,0.0,6,6,6.0,Yes,0.0
Ca,Contra-costa-county,Pittsburg,43 diamondwood ct,94565,Single family residential,New,698888.0,2003,4.0,2.0,1734.0,6441.0,0.0,4,40,17.0,Yes,697874.0
Ca,Contra-costa-county,Concord,2860 gillet ave,94520,Single family residential,New,598000.0,1953,3.0,2.0,1084.0,5200.0,0.0,3,42,66.0,Yes,598719.0
Ca,Contra-costa-county,Danville,3409 blackhawk meadow dr,94506,Single family residential,New,2098800.0,1991,4.0,3.0,3278.0,7320.0,95.0,9,10,8.0,Yes,2099850.0
Ca,Contra-costa-county,Concord,1781 clinton dr,94521-2014,Single family residential,New,869500.0,1966,4.0,2.0,2003.0,8000.0,0.0,5,30,45.0,Yes,869752.0
Ca,Contra-costa-county,El sobrante,923 kelvin rd,94803,Single family residential,New,739000.0,1950,3.0,2.0,1370.0,9100.0,0.0,3,49,41.0,Yes,743603.0
Ca,Contra-costa-county,Walnut creek,3661 citrus ave,94598,Single family residential,New,1395000.0,1968,4.0,2.5,2056.0,8855.0,0.0,9,25,54.0,Yes,1402115.0
Ca,Contra-costa-county,Discovery bay,2325 cambridge dr,94505,Single family residential,New,699950.0,2001,3.0,2.5,2484.0,5803.0,0.0,6,9,39.0,Yes,701371.0
Ca,Contra-costa-county,Concord,1712 ravenwood dr,94520,Single family home,Active,688888.0,1955,3.0,2.0,1176.0,6000.0,0.0,2,68,65.0,No,0.0
Ca,Contra-costa-county,Antioch,2494 bluerock dr,94531,Single family residential,Active,789000.0,2002,4.0,3.0,3002.0,6765.0,0.0,4,15,6.0,Yes,785513.0
Ca,Contra-costa-county,Antioch,5120 comanche ct,94531,Single family residential,Active,534900.0,1997,4.0,2.0,1430.0,6216.0,0.0,4,44,38.0,Yes,540889.0
Ca,Contra-costa-county,San ramon,2657 basswood dr,94582,Single family residential,New,1598000.0,2005,3.0,2.5,2379.0,4152.0,166.0,8,38,44.0,Yes,1609292.0
Ca,Contra-costa-county,Concord,4669 regina ln,94521-2023,Single family residential,New,699000.0,1962,3.0,2.0,1450.0,7700.0,0.0,5,64,59.0,Yes,701356.0
Ca,Contra-costa-county,Walnut creek,1036 tres casas ct,94598,Single family residential,New,1795000.0,1966,4.0,3.0,2709.0,15681.599999999999,0.0,9,6,24.0,Yes,1844944.0
Ca,Contra-costa-county,Oakley,201 merlot ln,94561,Single family residential,New,499900.0,1998,3.0,2.0,1120.0,6800.0,0.0,6,52,62.0,Yes,500397.0
Ca,Contra-costa-county,Walnut creek,Undisclosed address,94598,Single family residential,New,1395000.0,1969,4.0,2.0,2265.0,10890.0,0.0,7,67,83.0,Yes,1409300.0
Ca,Contra-costa-county,Concord,1946 n 6th st,94519,Single family residential,New,799800.0,1948,4.0,2.5,1410.0,5500.0,0.0,3,63,74.0,Yes,802683.0
Ca,Contra-costa-county,Concord,1265 new york dr,94521-4617,Single family residential,New,799998.0,1964,3.0,2.0,1232.0,8400.0,0.0,8,45,29.0,Yes,800264.0
Ca,Contra-costa-county,Martinez,1425 brown st,94553,Multi-family (2-4 unit),New,1080000.0,1918,4.0,2.0,2390.0,6900.0,0.0,7,77,40.0,Yes,1051840.0
Ca,Contra-costa-county,Pittsburg,439 hawthorne st,94565,Single family residential,New,625000.0,1952,3.0,2.0,1926.0,5400.0,0.0,4,67,41.0,Yes,625144.0
Ca,Contra-costa-county,Discovery bay,3779 sailboat dr,94505,Single family residential,New,589000.0,1999,3.0,2.5,1782.0,3600.0,0.0,8,40,35.0,Yes,593968.0
Ca,Contra-costa-county,Antioch,216 w 18th st,94509,Single family residential,New,509000.0,1957,3.0,2.0,1125.0,5500.0,0.0,2,86,72.0,Yes,515308.0
Ca,Contra-costa-county,Oakley,4886 carrington dr,94561-4137,Single family residential,New,609500.0,1994,3.0,2.0,1731.0,7250.0,0.0,4,52,44.0,Yes,612725.0
Ca,Contra-costa-county,Antioch,2314 mandarin way,94509,Single family residential,Active,479000.0,1977,4.0,2.5,1487.0,3328.0,0.0,2,48,52.0,Yes,481249.0
Ca,Contra-costa-county,Concord,741 graymont cir,94518,Single family residential,New,1050000.0,1968,3.0,2.5,2144.0,14810.400000000001,0.0,4,71,82.0,Yes,1063006.0
Ca,Contra-costa-county,Walnut creek,2872 san benito dr,94598,Single family residential,New,1250000.0,1959,4.0,2.0,1503.0,8240.0,0.0,9,40,71.0,Yes,1251940.0
Ca,Contra-costa-county,Pinole,2830 doidge ave,94565,Single family residential,New,699000.0,1966,4.0,2.0,1766.0,15245.999999999998,0.0,4,9,3.0,Yes,700417.0
Ca,Contra-costa-county,Pleasant hill,222 oak park ln,94523,Single family residential,New,1399000.0,1983,4.0,3.0,2461.0,12632.4,0.0,7,48,73.0,Yes,0.0
Ca,Contra-costa-county,Hercules,124 bluebird ct,94547,Single family residential,New,899000.0,1986,5.0,3.0,2188.0,8160.0,0.0,7,8,5.0,Yes,898426.0
Ca,Contra-costa-county,Brentwood,2145 yates ct,94513,Single family residential,New,845000.0,2005,4.0,3.0,2878.0,8250.0,0.0,9,52,62.0,Yes,850885.0
Ca,Contra-costa-county,Pittsburg,3779 meadowbrook ave,94565,Single family residential,New,575000.0,1977,4.0,2.0,1477.0,6014.0,0.0,3,46,62.0,Yes,579806.0
Ca,Contra-costa-county,Oakley,212 dennis ct,94561,Single family residential,New,720000.0,1992,4.0,2.5,2108.0,8489.0,0.0,4,18,48.0,Yes,721506.0
Ca,Contra-costa-county,Antioch,1932 mount powell ct,94531,Single family residential,New,595000.0,1993,4.0,2.5,2264.0,8150.0,0.0,4,48,33.0,Yes,599495.0
Ca,Contra-costa-county,El cerrito,420 clayton ave,94530,Single family residential,New,999000.0,1961,2.0,2.0,1338.0,3700.0,0.0,6,87,89.0,Yes,0.0
Ca,Contra-costa-county,Bethel island,3683 willow rd,94511,Single family residential,New,650000.0,1965,3.0,2.0,1080.0,9750.0,0.0,5,14,34.0,Yes,653566.0
Ca,Contra-costa-county,San pablo,1538 beau rivage,94806,Single family residential,New,649000.0,1993,3.0,2.5,1794.0,2625.0,0.0,3,40,32.0,Yes,653682.0
Ca,Contra-costa-county,Walnut creek,1520 whitecliff way,94596,Single family residential,New,1872000.0,1974,5.0,2.5,2604.0,8034.0,98.0,8,8,7.0,Yes,1877261.0
Ca,Contra-costa-county,Oakley,3600 frank hengel way,94561-2007,Single family residential,New,765000.0,2006,4.0,3.0,3098.0,7350.0,0.0,5,10,65.0,Yes,778549.0
Ca,Contra-costa-county,Alamo,135 golden ridge rd,94507,Single family residential,New,1675000.0,1986,3.0,2.0,2330.0,7800.0,167.0,9,0,0.0,Yes,1678422.0
Ca,Contra-costa-county,Richmond,5416 gately ave,94804,Single family residential,New,599000.0,1962,5.0,3.0,1643.0,3000.0,0.0,5,68,53.0,Yes,604648.0
Ca,Contra-costa-county,Danville,836 el cerro blvd,94526,Single family residential,New,1395000.0,1972,3.0,2.0,1833.0,15245.999999999998,0.0,9,28,26.0,Yes,1417689.0
Ca,Contra-costa-county,Richmond,5114 school ave,94804,Single family home,Active,630000.0,1963,3.0,2.0,1193.0,6324.0,0.0,5,76,77.0,Yes,631682.0
Ca,Contra-costa-county,Pittsburg,4237 ridge dr,94565,Single family residential,New,589000.0,1959,3.0,2.0,1406.0,6969.0,0.0,3,29,13.0,Yes,589581.0
Ca,Contra-costa-county,Walnut creek,2891 san antonio dr,94598,Single family residence,Active,1590000.0,1958,5.0,2.0,1823.0,7700.0,0.0,9,36,74.0,Yes,1607485.0
Ca,Contra-costa-county,Pittsburg,27 san tomas ct,94565,Single family residence,Active,850000.0,2003,5.0,3.0,3202.0,6068.0,0.0,6,11,6.0,Yes,851301.0
Ca,Contra-costa-county,Concord,3722 liscome way,94518,Single family residential,New,1195000.0,1963,4.0,3.0,2068.0,13068.0,0.0,5,18,34.0,Yes,1202424.0
Ca,Contra-costa-county,Bay point,196 cleveland ave,94565,Single family residential,New,409950.0,1941,2.0,1.5,1322.0,6240.0,0.0,3,56,65.0,No,410623.0
Ca,Contra-costa-county,Bethel island,4116 windsweep rd,94511,Single family residential,New,898801.0,2000,3.0,2.0,1986.0,9487.0,0.0,5,0,32.0,Yes,901984.0
Ca,Contra-costa-county,Concord,3580 hillsborough,94520-1561,Single family residential,New,615000.0,1960,4.0,2.0,1244.0,6000.0,0.0,3,40,42.0,Yes,616730.0
Ca,Contra-costa-county,Concord,1800 lambeth ln,94518,Single family residential,New,889000.0,1966,3.0,2.0,1851.0,10240.0,0.0,3,34,39.0,Yes,918603.0
Ca,Contra-costa-county,Bay point,69 bayview ave,94565,Single family residential,New,620000.0,2017,3.0,2.5,1973.0,7013.0,0.0,5,57,52.0,Yes,632498.0
Ca,Contra-costa-county,Oakley,236 hill ave,94561,Single family residential,New,675000.0,2002,3.0,2.5,2268.0,6685.0,0.0,5,20,58.0,Yes,682265.0
Ca,Contra-costa-county,Pittsburg,316 hideaway ln,94565,Single family home,Active,749950.0,2023,4.0,3.0,2079.0,3127.0,168.0,6,11,15.0,Yes,750399.0
Ca,Contra-costa-county,Brentwood,1332 tiffany dr,94513,Single family residential,New,850000.0,2006,4.0,2.5,2421.0,6860.0,40.0,6,56,47.0,Yes,0.0
Ca,Contra-costa-county,Concord,4706 curletto dr,94521-9999,Single family residential,New,979000.0,1969,4.0,2.5,2005.0,9450.0,0.0,6,48,54.0,Yes,0.0
Ca,Contra-costa-county,Pittsburg,29 kingsford ct,94565-4831,Single family residential,New,549900.0,1973,3.0,2.0,1420.0,7000.0,0.0,5,44,48.0,Yes,548355.0
Ca,Contra-costa-county,Concord,1392 lichen ct,94521,Single family residential,Active,950000.0,1963,4.0,3.0,1761.0,7980.0,0.0,6,60,52.0,Yes,949451.0
Ca,Contra-costa-county,Richmond,1738 shasta st,94804,Single family residential,New,799000.0,1940,3.0,2.0,1541.0,7500.0,0.0,5,84,63.0,Yes,0.0
Ca,Contra-costa-county,Richmond,1610 24th st,94806,Single family residential,New,590000.0,1941,3.0,2.0,1392.0,3920.0,0.0,2,84,53.0,Yes,589255.0
Ca,Contra-costa-county,Discovery bay,1923 seal way,94505,Single family residential,New,1140000.0,1987,3.0,2.5,2439.0,7440.0,0.0,8,24,33.0,Yes,1143186.0
Ca,Contra-costa-county,Discovery bay,2066 sand point rd,94505,Single family home,Active,894888.0,1987,3.0,2.5,1668.0,10890.0,69.0,8,34,38.0,Yes,906847.0
Ca,Contra-costa-county,Moraga,83 marie pl,94556-2618,Single family residential,New,1995000.0,1966,4.0,2.5,2414.0,12196.800000000001,0.0,9,5,26.0,Yes,2042486.0
Ca,Contra-costa-county,Brentwood,1781 cedarwood ter,94513,Single family residential,New,575000.0,1985,3.0,2.0,1297.0,5250.0,140.0,6,74,74.0,Yes,576484.0
Ca,Contra-costa-county,Richmond,6550 kensington ave,94805,Single family residential,New,899000.0,1984,4.0,2.0,2107.0,4620.0,0.0,5,47,21.0,Yes,963165.0
Ca,Contra-costa-county,El sobrante,475 colina way,94803,Single family residential,New,779900.0,2019,3.0,3.0,1981.0,2115.0,172.0,3,51,32.0,Yes,781518.0
Ca,Contra-costa-county,Concord,3889 village rd,94519,Single family residential,New,798000.0,1963,4.0,2.0,1736.0,6500.0,0.0,8,33,59.0,Yes,0.0
Ca,Contra-costa-county,Martinez,1537 silverwood dr,94553,Single family residential,Active,699000.0,1962,3.0,2.0,1537.0,8800.0,0.0,7,23,59.0,Yes,709793.0
Ca,Contra-costa-county,Concord,2124 dena dr,94519,Single family residential,New,738000.0,1953,3.0,2.0,1132.0,6120.0,29.0,4,51,58.0,Yes,749058.0
Ca,Contra-costa-county,Concord,5046 bonwell dr,94521-3038,Single family residential,New,648000.0,1957,3.0,2.0,1034.0,8300.0,0.0,6,51,53.0,Yes,661317.0
Ca,Contra-costa-county,Antioch,2329 mark twain dr,94531,Single family residential,New,585000.0,1993,3.0,2.0,1720.0,5800.0,0.0,4,59,38.0,Yes,585216.0
Ca,Contra-costa-county,Pinole,935 2nd ave,94564,Single family residential,New,715000.0,1954,3.0,2.0,2014.0,6250.0,0.0,4,69,30.0,Yes,716121.0
Ca,Contra-costa-county,Brentwood,4684 roosevelt dr,94513,Single family residential,Active,625000.0,1995,3.0,2.0,1211.0,5750.0,0.0,6,49,53.0,Yes,625900.0
Ca,Alameda-county,Pleasanton,849 madeira dr,94566,Single family residential,New,1648990.0,1975,3.0,2.0,2016.0,7521.0,0.0,9,43,44.0,Yes,1654105.0
Ca,Alameda-county,San leandro,2351 spinnaker ct,94579,Single family home,Active,1199000.0,2000,4.0,3.0,2552.0,4108.0,95.0,6,42,62.0,Yes,1240588.0
Ca,Alameda-county,Oakland,2315 bartlett st,94601,Single family residential,New,549000.0,1926,3.0,2.0,1312.0,4750.0,0.0,7,70,67.0,Yes,558364.0
Ca,Alameda-county,San lorenzo,17103 via flores,94580,Single family home,Active,899000.0,1947,3.0,2.0,1865.0,4998.0,13.0,7,68,58.0,Yes,927232.0
Ca,Alameda-county,Fremont,4916 cody ct,94538,Single family residential,New,1148000.0,1964,3.0,2.0,1204.0,6000.0,0.0,8,60,65.0,Yes,1151457.0
Ca,Alameda-county,Oakland,2533 62nd ave,94605,Single family residential,New,585500.0,1912,2.0,2.0,1243.0,4400.0,0.0,5,83,60.0,Yes,587226.0
Ca,Alameda-county,Oakland,546 glen view ave,94610,Single family residential,New,1395000.0,1923,4.0,2.5,2924.0,6000.0,0.0,7,98,79.0,Yes,1415168.0
Ca,Alameda-county,Oakland,20 ascot pl,94611,Single family residential,New,1675000.0,1961,3.0,2.0,2125.0,6294.0,0.0,7,29,17.0,Yes,0.0
Ca,Alameda-county,Castro valley,18866 lenross ct,94546,Single family residential,New,899000.0,1952,3.0,1.5,1169.0,5290.0,0.0,9,54,42.0,Yes,899949.0
Ca,Alameda-county,Castro valley,21682 shadyspring rd,94546,Single family residential,New,1349800.0,1976,4.0,2.5,2466.0,7077.0,0.0,3,53,35.0,Yes,1347947.0
Ca,Alameda-county,Fremont,360 blake ave,94536,Single family residential,New,1998888.0,1978,5.0,3.0,2353.0,5925.0,0.0,7,30,63.0,Yes,2003665.0
Ca,Alameda-county,San leandro,1500 plaza dr,94578,Single family residential,New,789000.0,1922,3.0,2.0,1763.0,4000.0,0.0,3,74,59.0,Yes,790405.0
Ca,Alameda-county,Pleasanton,4141 vinyard,94566-6712,Single family residential,New,888800.0,1920,2.0,2.0,756.0,7350.0,0.0,9,88,72.0,No,903608.0
Ca,Alameda-county,Livermore,130 prato way,94550,Single family residential,New,1475000.0,2002,4.0,3.0,2424.0,8250.0,0.0,8,14,65.0,Yes,1500129.0
Ca,Alameda-county,Castro valley,2576 la don ct,94546,Single family residential,New,869000.0,1954,3.0,1.5,1289.0,10576.0,0.0,9,71,40.0,Yes,0.0
Ca,Alameda-county,San leandro,1365 parker st,94577,Single family residential,New,798888.0,1946,3.0,2.0,1466.0,5830.0,0.0,6,70,27.0,Yes,803104.0
Ca,Alameda-county,Oakland,1328 83rd ave,94621,Multi-family (2-4 unit),New,699000.0,1925,6.0,3.0,2248.0,4169.0,0.0,6,77,62.0,No,711250.0
Ca,Alameda-county,Hayward,1160 d st,94541,Multi-family (2-4 unit),New,960000.0,1918,5.0,3.0,1228.0,11325.6,0.0,5,92,43.0,Yes,959937.0
Ca,Alameda-county,Hayward,1544 d st,94541,Multi-family (2-4 unit),New,1199000.0,1914,4.0,3.0,2021.0,7800.0,0.0,5,67,52.0,No,1199068.0
Ca,Alameda-county,Oakland,2215 88th ave,94605,Single family residential,New,758800.0,1937,5.0,3.0,1433.0,7353.0,0.0,3,71,63.0,Yes,761460.0
Ca,Alameda-county,Oakland,8117 greenly dr,94605,Single family residential,New,899000.0,1925,3.0,2.0,1445.0,12632.4,0.0,5,26,13.0,Yes,950368.0
Ca,Alameda-county,Fremont,4347 nagle way,94536,Single family home,Active,1298000.0,1958,3.0,2.0,1377.0,7725.0,25.0,7,56,43.0,Yes,0.0
Ca,Alameda-county,Newark,6352 montcalm ave,94560,Single family home,Active,1249000.0,1977,4.0,2.0,1729.0,7164.0,0.0,5,70,52.0,Yes,1248682.0
Ca,Alameda-county,Fremont,38548 goodrich way,94536,Single family residential,Active,1248888.0,1977,4.0,3.0,1520.0,11761.2,0.0,7,22,50.0,Yes,1261464.0
Ca,Alameda-county,Oakland,4760 tompkins ave,94619,Single family residential,New,825000.0,1956,4.0,2.0,2100.0,13068.0,0.0,7,51,47.0,Yes,840797.0
Ca,Alameda-county,Dublin,7212 emerald,94568,Single family residential,New,1199999.0,1973,4.0,2.0,1503.0,6940.0,0.0,8,69,76.0,Yes,1194576.0
Ca,Alameda-county,Pleasanton,3398 hadsell ct,94588,Single family residential,New,1599000.0,1993,5.0,2.5,1971.0,8123.0,0.0,9,41,62.0,Yes,1612103.0
Ca,Alameda-county,Fremont,5416 cleveland pl,94538,Single family residential,New,1495000.0,1967,5.0,3.0,1900.0,5740.0,0.0,8,78,55.0,Yes,1563970.0
Ca,Alameda-county,Livermore,1643 honeysuckle rd,94551,Single family residential,New,899000.0,1980,3.0,2.0,1222.0,7535.0,0.0,7,29,59.0,Yes,914034.0
Ca,Alameda-county,Oakland,1679 12th st,94607,Single family residential,New,995000.0,2023,3.0,2.5,1795.0,1935.0,0.0,7,82,95.0,Yes,1007440.0
Ca,Alameda-county,Union city,32731 fairmead st,94587,Single family residential,New,1749000.0,1985,4.0,3.0,2331.0,7100.0,0.0,7,27,45.0,Yes,1748346.0
Ca,Alameda-county,Oakland,Undisclosed address,94605,Single family residential,New-reo,599900.0,1921,2.0,2.0,1539.0,4480.0,0.0,3,83,61.0,Yes,604336.0
Ca,Alameda-county,Oakland,544 glen view ave,94610,Multi-family (2-4 unit),New,1395000.0,1923,4.0,2.5,2924.0,6000.0,0.0,7,98,79.0,Yes,1447146.0
Ca,Alameda-county,Oakland,1677 12th st,94607,Single family residential,New,899000.0,2023,3.0,2.5,1481.0,2063.0,0.0,7,82,95.0,Yes,884985.0
Ca,Alameda-county,Oakland,2701 park blvd,94606,Single family residential,New,879000.0,1922,3.0,2.0,1406.0,3300.0,0.0,7,81,51.0,Yes,892062.0
Ca,Alameda-county,Oakland,160 frisbie st,94611,Single family residential,New,1298000.0,1927,4.0,2.0,1647.0,3420.0,0.0,7,89,76.0,Yes,0.0
Ca,Alameda-county,Fremont,4725 balboa way,94536,Single family residential,New,988888.0,1953,3.0,1.5,1208.0,7069.0,0.0,7,69,55.0,Yes,989407.0
Ca,Alameda-county,Newark,8351 sandy cove way,94560,Single family residential,New,1838000.0,2018,4.0,3.0,2533.0,2633.0,150.0,5,26,36.0,Yes,1829587.0
Ca,Alameda-county,Hayward,19424 waverly ave,94541,Single family residential,New,880000.0,1952,3.0,2.0,1662.0,5000.0,0.0,4,58,56.0,Yes,880206.0
Ca,Alameda-county,Oakland,5941 colton blvd,94611,Single family residential,New,1325000.0,1965,3.0,2.5,2373.0,5200.0,0.0,8,56,35.0,Yes,1690929.0
Ca,Alameda-county,Oakland,6045 skyline blvd,94611,Single family residential,New,2149000.0,2003,4.0,2.5,3204.0,12632.4,0.0,8,7,24.0,Yes,2410612.0
Ca,Alameda-county,Pleasanton,464 ewing dr,94566,Single family residential,New,1200000.0,1966,4.0,2.5,2009.0,9638.0,0.0,9,57,40.0,Yes,1194667.0
Ca,Alameda-county,Union city,32824 oakdale ct,94587,Single family residential,New,1349000.0,1983,3.0,2.5,1901.0,4850.0,0.0,7,23,53.0,Yes,1355432.0
Ca,Alameda-county,Dublin,6762 sapphire st,94568,Single family residential,New,1379000.0,1987,4.0,3.0,1936.0,6000.0,0.0,8,19,63.0,Yes,1382419.0
Ca,Alameda-county,Pleasanton,985 riesling dr,94566,Single family residential,New,1829000.0,1968,4.0,2.0,2053.0,13503.6,0.0,9,50,50.0,Yes,1823123.0
Ca,Alameda-county,Hayward,2659 home ave,94542,Single family residential,New,1295000.0,1982,3.0,2.0,2685.0,14810.400000000001,0.0,6,35,26.0,Yes,1342054.0
Ca,Alameda-county,Oakland,4475 redding st,94619,Single family residential,New,699000.0,1930,2.0,2.0,990.0,3627.0,0.0,7,82,47.0,Yes,704487.0
Ca,Alameda-county,Fremont,4240 dali st,94536,Single family residential,New,1349000.0,1967,3.0,2.0,1232.0,7221.0,0.0,9,63,46.0,Yes,1394605.0
Ca,Alameda-county,Fremont,40448 blacow rd,94538,Single family residential,New,1200000.0,1960,4.0,2.0,1302.0,5811.0,0.0,6,61,51.0,Yes,1203975.0
Ca,Alameda-county,Alameda,2510 san jose ave,94501,Single family residential,New,895000.0,1910,2.0,2.0,1046.0,2607.0,0.0,9,92,80.0,No,967703.0
Ca,Alameda-county,Livermore,1610 el dorado ct,94550,Single family residential,New,949500.0,1960,4.0,2.0,1302.0,6300.0,0.0,7,68,73.0,Yes,976192.0
Ca,Alameda-county,Oakland,9003 b st,94603,Single family residential,New,499000.0,1945,2.0,2.0,880.0,4130.0,0.0,5,72,57.0,Yes,502998.0
Ca,Alameda-county,San leandro,1974 evergreen ave,94577,Single family residential,New,799999.0,1962,3.0,2.0,1495.0,4750.0,0.0,5,47,36.0,Yes,796992.0
Ca,Alameda-county,Oakland,2441 e 22nd st,94601,Multi-family (2-4 unit),New,868000.0,1910,5.0,2.5,2231.0,5250.0,0.0,7,79,64.0,Yes,865863.0
Ca,Alameda-county,Fremont,4901 sterling dr,94536,Single family residential,New,2369950.0,1953,4.0,3.0,2192.0,9600.0,21.0,7,34,41.0,Yes,0.0
Ca,Alameda-county,Livermore,3050 cabrillo ave,94550,Single family residential,New,1149000.0,1962,4.0,3.0,2024.0,6000.0,0.0,7,76,85.0,Yes,1145068.0
Ca,Alameda-county,Fremont,38318 canyon heights dr,94536,Single family residential,New,1099888.0,1957,3.0,2.5,1650.0,8160.0,0.0,7,19,23.0,Yes,1101346.0
Ca,Alameda-county,Hayward,641 minerva st,94544-5842,Single family residential,New,799950.0,1955,3.0,2.0,1135.0,5300.0,0.0,4,70,61.0,Yes,802227.0
Ca,Alameda-county,Newark,36071 cedar blvd,94560,Single family home,Active,1099000.0,1961,4.0,2.0,1360.0,6000.0,0.0,7,34,41.0,Yes,1100988.0
Ca,Alameda-county,Hayward,553 olympic ave,94544,Single family home,Active,1498000.0,2000,5.0,3.0,2321.0,3979.0,45.0,2,53,66.0,Yes,1492399.0
Ca,Alameda-county,Oakland,4800 webster,94609,Single family residential,New,1495000.0,1913,5.0,3.0,2775.0,4140.0,0.0,7,98,93.0,No,1686148.0
Ca,Alameda-county,Oakland,4080 kuhnle,94605,Single family residential,New,850000.0,1939,3.0,2.0,1235.0,6080.0,0.0,7,31,27.0,Yes,900515.0
Ca,Alameda-county,Oakland,5533 proctor ave,94618,Single family residential,Active,1199950.0,1950,3.0,2.5,1717.0,8120.0,0.0,7,38,31.0,Yes,1305329.0
Ca,Alameda-county,San leandro,1441 regent dr,94577,Single family home,Active,1388888.0,1968,3.0,3.0,2491.0,9025.0,0.0,6,54,20.0,Yes,1359681.0
Ca,Alameda-county,Newark,6195 marguerite dr,94560,Single family home,Active,1099000.0,1963,3.0,2.0,1315.0,7320.0,0.0,5,23,43.0,Yes,0.0
Ca,Alameda-county,Castro valley,19100 clement dr,94552,Single family residential,New,1170000.0,1985,4.0,2.0,1499.0,7800.0,70.0,9,13,2.0,Yes,1201468.0
Ca,Alameda-county,Hayward,28860 rochelle ave,94544,Single family home,Active,998000.0,1999,4.0,2.5,1866.0,5713.0,0.0,3,61,56.0,Yes,998771.0
Ca,Alameda-county,Newark,8145 juniper ave,94560,Single family home,Active,1150000.0,1961,3.0,2.0,1657.0,6405.0,0.0,5,43,39.0,Yes,1146715.0
Ca,Alameda-county,Fremont,40246 davis ct,94538,Single family home,Active,1100000.0,1959,3.0,2.0,1148.0,6420.0,0.0,6,67,55.0,Yes,1131577.0
Ca,Alameda-county,Oakland,6821 thornhill dr,94611,Single family residential,New,1049000.0,1979,3.0,2.0,1476.0,5334.0,0.0,8,15,9.0,Yes,1158036.0
Ca,Alameda-county,Oakland,3032 hyde st,94601,Single family residential,Price change,920000.0,1938,3.0,1.5,1940.0,4002.0,0.0,7,82,69.0,Yes,868956.0
Ca,Alameda-county,Berkeley,1405 harmon st,94702,Single family residential,New,1549888.0,1947,3.0,2.0,1304.0,3830.0,0.0,9,90,90.0,Yes,1623669.0
Ca,Alameda-county,Oakland,5832 nottingham dr,94611,Single family residential,New,1225000.0,1931,3.0,2.0,2267.0,6903.0,0.0,8,50,25.0,Yes,1464175.0
Ca,Alameda-county,Oakland,5832 marshall st,94608,Single family residential,New,1195000.0,1908,3.0,2.0,1740.0,3763.0,0.0,7,94,87.0,Yes,1248223.0
Ca,Alameda-county,Livermore,559 everglades ln,94551,Single family residential,New,1099000.0,1973,3.0,2.0,1773.0,9877.0,0.0,7,38,61.0,Yes,1099957.0
Ca,Alameda-county,Oakland,4545 tompkins ave,94619,Single family residential,New,1175000.0,1938,3.0,2.0,2556.0,6920.0,0.0,7,53,29.0,Yes,1243095.0
Ca,Alameda-county,Pleasanton,4903 middleton pl,94566,Single family residential,New,2050000.0,1997,4.0,2.0,2302.0,15681.599999999999,0.0,9,9,11.0,Yes,2057436.0
Ca,Alameda-county,Fremont,640 bogalusa ct,94539,Single family residential,New,2399000.0,1980,5.0,2.5,2836.0,6116.0,0.0,9,21,34.0,Yes,1451691.0
Ca,Alameda-county,San lorenzo,16032 via harriet,94580,Single family residential,New,814000.0,1956,4.0,2.0,1226.0,5704.0,13.0,7,40,52.0,Yes,813978.0
Ca,Alameda-county,Castro valley,20332 center st,94546,Single family residential,New,899900.0,1952,3.0,1.5,1141.0,5625.0,0.0,9,65,48.0,Yes,910204.0
Ca,Alameda-county,Oakland,2580 pleasant st,94602,Multi-family (2-4 unit),New,749000.0,1941,4.0,2.0,1836.0,4160.0,0.0,7,91,68.0,Yes,748990.0
Ca,Alameda-county,San leandro,128 euclid ave,94577,Single family residential,New,988000.0,1925,3.0,2.0,1227.0,4800.0,0.0,5,90,71.0,Yes,987247.0
Ca,Alameda-county,Livermore,976 desconsado ave,94550,Single family residential,New,1195000.0,1978,3.0,2.0,1753.0,9500.0,0.0,7,52,77.0,Yes,1211421.0
Ca,Alameda-county,Hayward,2020 hill ave,94541,Single family home,Active,1298888.0,1963,4.0,3.0,2444.0,13939.2,0.0,4,67,30.0,Yes,1307848.0
Ca,Alameda-county,Hayward,1575 172nd ave,94541,Single family residential,New,729000.0,1949,4.0,2.5,1400.0,4400.0,0.0,3,68,31.0,Yes,732612.0
Ca,Alameda-county,Castro valley,5022 beacon hill dr,94552,Single family residential,New,1950000.0,1970,4.0,2.5,3194.0,10880.0,0.0,9,43,25.0,Yes,1953566.0
Ca,Alameda-county,Pleasanton,1858 brooktree way,94566,Single family residential,New,1899000.0,1965,4.0,2.5,2047.0,10765.0,0.0,9,62,65.0,Yes,1907998.0
